mark,role,stability_range,day1_ratio,day2_ratio,day3_ratio
Mark 01,AGGRESSIVE_BUYER,0.12389470622454923,0.7054545454545454,0.6788830715532286,0.8027777777777778
Mark 14,BALANCED_MM,0.09500893500956203,0.06806282722513089,-0.02694610778443114,0.06486486486486487
Mark 22,AGGRESSIVE_SELLER,0.005123451252454614,-0.9451476793248945,-0.9447983014861996,-0.9499217527386542
Mark 38,BALANCED_MM,0.08570442465658867,-0.01838235294117647,0.04328018223234624,-0.04242424242424243
Mark 49,AGGRESSIVE_SELLER,0.04358974358974366,-0.7,-0.7209302325581395,-0.7435897435897436
Mark 55,BALANCED_MM,0.09804809428072908,-0.03125,0.06082725060827251,-0.03722084367245657
Mark 67,AGGRESSIVE_BUYER,0.0,1.0,1.0,1.0
